action,animation,attack,bones,btlobj,camera,collision,command,culling,damage,debug,effect,enemy,event,field,friend,input,light,limit,map,mapinfo,math,menu,min_hp,mission,mission_combocounter,mission_counter,mission_gauge,mission_score,mission_timer,mission_watch,movement,mset,object,party,path,player,position,prize,save,sheet,sound,spawn,special,status,system,target,texture,threading,unused,utility,vacuum,visual
trap_act_table_add,trap_obj_fly_to_jump,trap_attack_dup,trap_obj_apply_bone_matrix,trap_btlobj_dup_sheet,trap_bg_get_normal,trap_bghit_check_line,trap_command_cage_off,trap_obj_disable_occ,trap_damage_is_reaction,trap_friend_get_current_action,trap_effect_add_dead_block,trap_enemy_add_damage,trap_event_continue_control_off,trap_check_rtn_option_flag,tarp_friend_is_equiped_ability,trap_pad_is_button,trap_light_create,trap_limit_camera_start,func_bg_barrier_off,trap_area_area,trap_abs,method_message_is_end,trap_sheet_min_hp,trap_mission_activate2d,trap_mission_add_combo_counter,trap_mission_add_count,trap_mission_add_gauge,trap_score_get,trap_mission_cancel_pause_timer,trap_mission_disable_watch,trap_obj_fly,trap_obj_motion_capture,func_obj_control_off,trap_party_get_weapon,trap_clear_active_path,trap_item_get,trap_bg_get_random_pos,trap_obj_scatter_medal,trap_partram_add_ability,trap_sheet_attack_level,trap_obj_fadeout_se,func_area_activate_unit,trap_bg_set_belt_conveyor,trap_player_can_capture_form,func_system_set_game_speed,trap_obj_target_radius,trap_obj_tex_fade_set,trap_limit_start_thread,method_obj_disable_reaction_command,trap_random_get,trap_obj_is_tornado,func_screen_whitein
trap_act_table_init,trap_obj_texanm_start,trap_attack_exec_reflect,trap_obj_attach,trap_btlobj_lockon_target,trap_bg_is_floor,trap_bghit_get_cross_pos,trap_command_cage_on,trap_obj_disable_occ_bone,,trap_putf,trap_effect_dir,trap_enemy_count_damager,trap_event_control_off,trap_end_rtn_action,trap_friend_action_clear,trap_pad_is_trigger,trap_light_fadein,trap_limit_close_gauge,func_bg_barrier_on,trap_area_battle_set,trap_absf,trap_menuflag_check,,trap_mission_complete,trap_mission_get_combo_counter,trap_mission_decrement_count,trap_mission_get_gauge_ratio,trap_score_score,trap_mission_disable_timer,trap_mission_set_watch,trap_obj_flyjump,trap_obj_motion_capture_id,func_obj_control_on,trap_party_hand_to_bone,trap_create_active_path,trap_item_reduce,trap_bg_get_random_pos_air,trap_obj_scatter_prize,trap_partram_add_ap,trap_sheet_get_drive_time,trap_obj_play_se,func_history_clear_enemy,trap_bg_set_uvscroll_speed,trap_player_capture_form,trap_frametime,trap_target_clear,trap_obj_tex_fade_start,trap_magic_start_thread,method_obj_enable_reaction_command,trap_random_getf,trap_vacuum_create,func_screen_whiteout
trap_obj_act_child_push,trap_obj_texanm_stop,trap_attack_free,trap_obj_detach,trap_btlobj_set_sheet,trap_camera_apply_inverse_pos,trap_bghit_get_kind,trap_command_disable_group,trap_obj_enable_occ,,trap_puti,trap_effect_fadeout,trap_enemy_each,trap_event_control_on,trap_get_rtn_action,trap_friend_add_warp_point,trap_player_push_ability_button,trap_light_fadeout,trap_limit_effect_start,trap_bg_hide,trap_area_cost_ratio,trap_bg_cross_pos,trap_menuflag_reset,,trap_mission_deactivate2d,trap_mission_get_max_combo_counter,trap_mission_disable_count,trap_mission_get_gauge_warning_ratio,trap_score_type,trap_mission_get_timer,,trap_obj_get_move_to_space_pos,trap_obj_motion_check_range,method_obj_disable_collision,trap_sysobj_party,trap_forward_path_current_pointer,trap_player_dice,trap_bg_ground_pos,trap_obj_scatter_prize_mu,trap_partram_add_attack,trap_sheet_get_mp,trap_obj_play_se_loop,trap_obj_levelup_unit,trap_card_set_spec,trap_player_capture_form_end,trap_jigsaw_get,trap_target_clear_before_player,,trap_obj_thread_start,method_obj_reset_reaction_command,trap_random_range,trap_vacuum_destroy,method_blur_init
trap_obj_act_clear,trap_pax_start,trap_attack_get_owner,trap_obj_hide,trap_btlobj_target,trap_camera_apply_pos,trap_bghit_get_normal,trap_command_enable_group,trap_obj_enable_occ_bone,,trap_puts,trap_effect_is_active,trap_enemy_exec_damage,trap_event_get_rest_time,trap_get_rtn_action_dir,trap_friend_add_watch_effect,,trap_light_set_color,trap_limit_effect_start_bind,trap_bg_set_animation_speed,trap_area_cost_rest,trap_fixrad,trap_menuflag_set,,trap_mission_dead_boss,trap_mission_set_combo_counter_param,trap_mission_get_count,trap_mission_is_gauge_warning,trap_score_update,trap_mission_get_timer_second,,trap_obj_hop,trap_obj_motion_check_trigger,method_obj_enable_collision,,trap_get_path_current_dir,trap_player_get_movement,trap_get_obj_head_pos,trap_obj_scatter_prize_tr,trap_partram_add_defence,trap_sheet_hp,trap_obj_voice,trap_unit_disable,trap_chickenlittle_get_nearest_target,trap_player_card,trap_memory_alloc,trap_target_dist,,trap_thread_start,trap_act_shout,,trap_vacuum_set_dist_rate,method_blur_start
trap_obj_act_push,trap_pax_start_bind,trap_attack_get_param_id,trap_obj_hide_part,,trap_camera_at,trap_bghit_is_hit,trap_command_enable_item,,,trap_stputf,trap_effect_is_alive,trap_enemy_exec_damage_blow,trap_event_is_exec,trap_get_start_rtn_action,trap_friend_call,,trap_light_set_flag,trap_limit_effect_start_pos,trap_bg_show,trap_area_entrance,trap_obj_cmp,trap_message_close,,trap_mission_exit,trap_mission_set_combo_counter_warning_se,trap_mission_increment_count,trap_mission_set_gauge,,trap_mission_pause_timer,,trap_obj_hop_direct,trap_obj_motion_disable_anmatr_effect,method_obj_is_culling,,trap_get_path_current_pos,trap_player_get_rc,trap_obj_pos,trap_prize_appear,trap_partram_add_wisdom,trap_sheet_hp_rate,trap_sound_disable,trap_unit_enable,trap_chickenlittle_get_shoot_target,trap_player_get_form,trap_memory_free,trap_target_dup,,,trap_area_init,,trap_vacuum_set_effective_range,method_blur_stop
trap_obj_act_shout,,trap_attack_get_reflect_count,trap_obj_near_parts,,trap_camera_begin_scope,trap_obj_check_step,trap_command_override,,,trap_stputi,trap_effect_kill,trap_enemy_exec_damage_hitback,trap_event_layer_off,trap_is_end_rtn_action,trap_friend_disable_follow_enemy,,trap_light_set_fog_far,trap_limit_friend,trap_obj_set_bg_collision_type,trap_area_event_set,trap_obj_jump_height_to_uptime,trap_message_open,,trap_mission_failed,trap_mission_set_max_combo_counter,trap_mission_reset_warning_count,trap_mission_set_gauge_param,,trap_mission_restart_timer,,trap_obj_hover,trap_obj_motion_enable_anmatr_effect,method_obj_reset_collision,,trap_get_path_dir,trap_player_lockon,trap_obj_reset_pos,trap_prize_appear_num,trap_partram_set_item_max,trap_sheet_level,trap_sound_play_system,trap_unit_get_enemy_num,trap_chickenlittle_set_shoot_target,trap_status_force_leave_end,trap_signal_call,trap_target_free,,,trap_assert,,trap_vacuum_set_ignore_type,trap_lockon_hide
trap_obj_act_start,,trap_attack_get_reflect_vector,trap_obj_part,,trap_camera_cancel,,trap_command_override_slot,,,trap_stputs,trap_effect_loop_end,trap_enemy_exec_damage_large,trap_event_layer_on,trap_is_rtn_change_dir,trap_friend_disable_follow_player,,trap_light_set_fog_max,trap_limit_light,,trap_area_jump,trap_strike_raid_calc_xyzrot,trap_tutorial_pause,,trap_mission_information,trap_mission_start_combo_counter,trap_mission_set_count,trap_mission_set_gauge_ratio,,trap_mission_set_timer_param,,trap_obj_jump_direct,trap_obj_motion_get_length,trap_btlobj_is_reflect_motion,,trap_get_path_dir_from_obj,trap_player_set_exec_rc,trap_obj_set_dir,trap_prize_appear_tr,trap_partram_set_levelup_type,trap_sheet_max_hp,trap_sound_set_bgse_volume,,trap_command_limit_trinity_commbo_start,trap_status_force_leave_start,trap_signal_hook,trap_target_get_group,,,trap_bonuslevel_up,,trap_vacuum_set_near_range,trap_lockon_show
trap_obj_act_start_pri,,trap_attack_get_type,trap_obj_reset_parts_color,,trap_camera_end_scope,,trap_command_override_top,,,trap_vector_draw,trap_effect_loop_end_kill,trap_enemy_exec_damage_small,,trap_reset_leave_way,trap_friend_disable_inertia,,trap_light_set_fog_min,trap_limit_motion_start,,trap_area_map_set,trap_vector_add,,,trap_mission_is_activate2d,trap_mission_stop_combo_counter,trap_mission_set_count_figure_num,trap_mission_warning_gauge,,trap_mission_warning_timer,,trap_obj_move_request,trap_obj_motion_get_loop_top,trap_enemy_summon_entry,,trap_get_path_dir_r,trap_status_begin_free_ability,trap_obj_set_player_random_pos,trap_prize_appear_xaldin,trap_progress_check_flag,trap_sheet_set_attack_level,,,trap_dice_set_spec,trap_status_is_battle,trap_signal_reserve_hp,trap_target_is_exist,,,trap_empty_func,,trap_vacuum_set_pos,trap_obj_set_scissoring
trap_obj_act_wedge,,trap_attack_hit_bg_pos,trap_obj_set_parts_color,,trap_camera_eye,,trap_command_set_side_b,,,trap_vector_dump,trap_effect_pause,trap_enemy_exec_reflect,,trap_set_rtn_option_flag,trap_friend_disable_system_wishdir,,trap_light_set_fog_near,trap_limit_player,,trap_area_set_next_entrance,trap_vector_homing,,,trap_mission_is_lock,trap_mission_warning_combo_counter,trap_mission_set_count_param,,,trap_timer_count_down,,trap_obj_move_to_space,trap_obj_motion_get_time,trap_obj_add_hp,,trap_get_path_first_point_pos,trap_status_end_free_ability,trap_obj_set_pos,trap_prize_get_all_tr,trap_progress_is_fm_secret_movie,trap_sheet_set_element_rate,,,trap_eh22_path_get_point,trap_status_is_force_leave,trap_signal_reserve_min_hp,trap_target_pos,,,trap_file_flush,,trap_vacuum_set_rot_speed,trap_picture_change
trap_obj_get_action,,trap_attack_hit_mark_pos,trap_obj_show,,trap_camera_get_projection_pos,,trap_command_slot_set_status,,,,trap_effect_pos,trap_enemy_get_attacker,,trap_set_rtn_partner,trap_friend_enable_follow_enemy,,,trap_limit_reference,,trap_area_set_return_tr,trap_vector_inner_prodcut,,,trap_mission_lock,,trap_mission_warning_count,,,trap_timer_count_up,,trap_obj_set_movement,trap_obj_motion_hook,trap_obj_blow,,trap_get_path_last_point_pos,trap_status_no_gameover,trap_obj_set_pos_trans,trap_prize_num,trap_progress_is_second,trap_sheet_set_hitback_addition,,,trap_eh22_path_is_moving,trap_status_is_mission,trap_sysobj_appear,trap_target_search,,,trap_file_is_reading,,trap_vacuum_set_speed,trap_picture_set_pos
trap_obj_idle,,trap_attack_is_finish,trap_obj_show_part,,trap_camera_reset,,trap_obj_can_decide_command,,,,trap_effect_set_color,trap_enemy_is_attacked_from,,trap_set_rtn_time_param,trap_friend_enable_follow_player,,,trap_limit_reset_hit_counter,,trap_area_setjump,trap_vector_inter,,,trap_mission_reset_pause_mode,,,,,,,trap_obj_set_path,trap_obj_motion_is_capture,trap_obj_can_capture_control,,trap_get_path_point_pos,trap_sysobj_is_player,trap_obj_set_random_pos,trap_prize_num_ca,trap_progress_is_secret_movie,trap_sheet_set_hp,,,trap_eh22_path_move_before,trap_status_no_leave,trap_teamwork_alloc,trap_target_searcher_add,,,trap_magic_can_add_cost,,,trap_screen_cross_fade
trap_obj_set_act_table,,trap_attack_is_hit,,,trap_camera_set_scope_closeup_distance,,trap_obj_capture_command,,,,trap_effect_set_dir,trap_enemy_is_damage_motion,,trap_sysobj_is_btlnpc,trap_friend_enable_inertia,,,trap_limit_reset_special_command,,trap_area_world,trap_vector_normalize,,,trap_mission_return,,,,,,,trap_obj_shadow_move_end,trap_obj_motion_is_hook,trap_obj_can_look,,trap_reset_active_path,trap_sysobj_is_sora,trap_obj_set_rot,trap_prize_return_ca,trap_progress_set_flag,trap_sheet_set_min_hp,,,trap_eh22_path_move_next,trap_status_set_lockon_ratio,trap_worldwork_get,trap_target_searcher_add_target,,,trap_magic_set_cost,,,trap_screen_fadein
,,trap_attack_is_hit_bg,,,trap_camera_set_scope_target_pos,,trap_obj_hook_command_image,,,,trap_effect_set_pos,trap_enemy_is_no_control,,,trap_friend_enable_system_wishdir,,,trap_limit_start_command,,,trap_vector_outer_product,,,trap_mission_set_warning_se,,,,,,,trap_obj_shadow_move_start,trap_obj_motion_is_no_control,trap_obj_can_see,,trap_reset_path_current_pointer,trap_sysobj_player,trap_obj_set_xyzrot,trap_prize_vacuum_ca,trap_saveflag_check,trap_sheet_set_prize_range,,,trap_eh22_path_play,trap_tutorial_is_open,,trap_target_searcher_get_old,,,trap_obj_can_look_pos,,,trap_screen_fadeout
,,trap_attack_is_hit_floor,,,trap_camera_set_scope_zoom,,trap_obj_reset_command_image,,,,trap_effect_set_rot,trap_enemy_last_dead,,,trap_friend_end_limit,,,trap_limit_time,,,trap_vector_rotx,,,,,,,,,,trap_obj_turn_dir,trap_obj_motion_speed,trap_obj_check_flag,,trap_reverse_path_way,,trap_obj_step_pos,trap_prize_vacuum_range_ca,trap_saveflag_reset,,,,trap_flare_free,trap_tutorial_open,,trap_target_searcher_get_target_num,,,trap_obj_clear_occ,,,trap_screen_show_picture
,,trap_attack_is_hit_wall,,,trap_camera_shake,,trap_obj_reset_special_command,,,,trap_effect_set_scale,trap_enemy_set_attacker,,,trap_friend_follow_enemy,,,trap_magic_calc_speed,,,trap_vector_sub,,,,,,,,,,trap_obj_wish_dir,trap_obj_motion_sync,trap_obj_clear_hitback,,trap_set_path_by_group,,trap_obj_target_pos,trap_status_prize_drain_end,trap_saveflag_set,,,,trap_flare_get_pos,,,trap_target_searcher_init,,,trap_obj_dump,,,trap_status_hide_shadow
,,trap_attack_is_reflect,,,trap_camera_warp,,trap_obj_set_special_command,,,,trap_effect_set_type,trap_enemy_set_karma_limit,,,trap_friend_follow_player,,,trap_obj_limit_hover_set_spec,,,trap_vector_to_angle,,,,,,,,,,,trap_obj_motion_unhook,trap_obj_count_entry,,trap_set_path_by_id,,,trap_status_prize_drain_start,trap_saveram_get_partram,,,,trap_flare_init,,,trap_target_searcher_reset,,,trap_obj_scatter_prize_tt,,,trap_status_show_shadow
,,trap_attack_is_strike,,,trap_camera_watch,,,,,,trap_obj_effect_kill_all,trap_enemy_stop_all_end,,,trap_friend_force_warp,,,,,,,,,,,,,,,,,trap_obj_motion_unsync,trap_obj_dead,,trap_set_path_target_point,,,trap_status_set_prize_ratio,trap_saveram_increment_friend_recov,,,,trap_flare_is_empty,,,trap_target_searcher_search_obj,,,trap_obj_set_detach_callback,,,trap_sysobj_fadein
,,trap_attack_is_valid,,,trap_command_enable,,,,,,trap_obj_effect_start,trap_enemy_stop_all_start,,,trap_friend_get,,,,,,,,,,,,,,,,,trap_obj_set_fall_motion,trap_obj_dead_mark,,trap_set_path_way,,,,trap_saveram_set_form_ability,,,,trap_flare_new,,,trap_target_searcher_set_check_hide_from_friend,,,trap_obj_set_stop_timer,,,trap_sysobj_fadeout
,,trap_attack_new,,,trap_obj_attach_camera,,,,,,trap_obj_effect_start_bind,,,,trap_friend_get_action_param,,,,,,,,,,,,,,,,,trap_obj_set_jump_motion,trap_obj_dir,,,,,,trap_saveram_set_form_weapon,,,,trap_flare_set_effect,,,trap_target_seracher_search,,,trap_target_clear_after_player,,,
,,trap_attack_new_combo_group,,,trap_obj_camera_start,,,,,,trap_obj_effect_start_bind_other,,,,trap_friend_get_main_status,,,,,,,,,,,,,,,,,trap_obj_set_land_motion,trap_obj_each_all,,,,,,trap_saveram_set_weapon,,,,trap_flare_set_pos,,,trap_target_set_before_player,,,trap_target_set_after_player,,,
,,trap_attack_rc_receiver,,,trap_obj_camera_start_global,,,,,,trap_obj_effect_start_pos,,,,trap_friend_get_player_attacker,,,,,,,,,,,,,,,,,trap_sysobj_motion_change,trap_obj_exec_fall,,,,,,trap_sheet_add_munny,,,,trap_flare_set_radius,,,trap_target_set_group,,,,,,
,,trap_attack_reflecter,,,trap_obj_detach_camera,,,,,,trap_obj_effect_unbind,,,,trap_friend_get_target_last_position,,,,,,,,,,,,,,,,,trap_sysobj_motion_cont_push,trap_obj_exec_land,,,,,,trap_sheet_munny,,,,trap_flare_set_target,,,trap_target_set_obj,,,,,,
,,trap_attack_refresh,,,,,,,,,,,,,trap_friend_get_target_size,,,,,,,,,,,,,,,,,trap_sysobj_motion_frame_start,trap_obj_float_height,,,,,,trap_treasure_get,,,,trap_genie_change_form,,,,,,,,,
,,trap_attack_set_effect,,,,,,,,,,,,,trap_friend_invalidate_warp_point,,,,,,,,,,,,,,,,,trap_sysobj_motion_id,trap_obj_get_appear_way,,,,,,trap_worldflag_check,,,,trap_genie_get_limit_command,,,,,,,,,
,,trap_attack_set_hit_callback,,,,,,,,,,,,,trap_friend_is_control,,,,,,,,,,,,,,,,,trap_sysobj_motion_is_end,trap_obj_get_bg_press,,,,,,trap_worldflag_set,,,,trap_larxene_dead,,,,,,,,,
,,trap_attack_set_hitmark_pos,,,,,,,,,,,,,trap_friend_is_effect_exist,,,,,,,,,,,,,,,,,trap_sysobj_motion_push,trap_obj_get_entry_id,,,,,,,,,,trap_limit_aladdin_exclamation_mark_pos,,,,,,,,,
,,trap_attack_set_line,,,,,,,,,,,,,trap_friend_is_moveonly,,,,,,,,,,,,,,,,,trap_sysobj_motion_start,trap_obj_get_moved,,,,,,,,,,trap_limit_aladdin_prize_drain,,,,,,,,,
,,trap_attack_set_obj_pax,,,,,,,,,,,,,trap_friend_is_start_leave,,,,,,,,,,,,,,,,,,trap_obj_get_weight,,,,,,,,,,trap_obj_action_lightcycle,,,,,,,,,
,,trap_attack_set_pax,,,,,,,,,,,,,trap_friend_link_magic,,,,,,,,,,,,,,,,,,trap_obj_get_wish_movement,,,,,,,,,,trap_obj_carpet_obj_idle,,,,,,,,,
,,trap_attack_set_pos,,,,,,,,,,,,,trap_friend_remove_player_attacker,,,,,,,,,,,,,,,,,,trap_obj_hide_shadow,,,,,,,,,,trap_obj_get_lightcycle_movement,,,,,,,,,
,,trap_attack_set_radius,,,,,,,,,,,,,trap_friend_set_script_status,,,,,,,,,,,,,,,,,,trap_obj_history_mark,,,,,,,,,,trap_obj_get_medal,,,,,,,,,
,,trap_attack_set_rc,,,,,,,,,,,,,trap_friend_set_target,,,,,,,,,,,,,,,,,,trap_obj_hitback,,,,,,,,,,trap_obj_limit_mulan_idle,,,,,,,,,
,,trap_attack_set_rc_owner,,,,,,,,,,,,,trap_friend_set_warp_level,,,,,,,,,,,,,,,,,,trap_obj_is_act_exec,,,,,,,,,,trap_obj_limit_peterpan_idle,,,,,,,,,
,,trap_attack_set_reaction_offset,,,,,,,,,,,,,trap_friend_start_leave,,,,,,,,,,,,,,,,,,trap_obj_is_action_air,,,,,,,,,,trap_obj_limit_riku_idle,,,,,,,,,
,,trap_attack_set_reflect_callback,,,,,,,,,,,,,trap_friend_start_limit,,,,,,,,,,,,,,,,,,trap_obj_is_air,,,,,,,,,,trap_obj_recov_holylight,,,,,,,,,
,,trap_attack_set_system_pax,,,,,,,,,,,,,trap_friend_update_target,,,,,,,,,,,,,,,,,,trap_obj_is_attach,,,,,,,,,,trap_obj_set_cannon_camera_offset,,,,,,,,,
,,trap_attack_set_team,,,,,,,,,,,,,trap_friend_use_item,,,,,,,,,,,,,,,,,,trap_obj_is_attach_camera,,,,,,,,,,trap_obj_set_cannon_param,,,,,,,,,
,,trap_attack_set_time,,,,,,,,,,,,,trap_obj_hook,,,,,,,,,,,,,,,,,,trap_obj_is_damage_motion,,,,,,,,,,trap_obj_set_medal,,,,,,,,,
,,trap_attack_strike,,,,,,,,,,,,,trap_obj_hook_stop,,,,,,,,,,,,,,,,,,trap_obj_is_dead,,,,,,,,,,trap_obj_set_skateboard_mode,,,,,,,,,
,,trap_damage_attack_param_id,,,,,,,,,,,,,trap_obj_reraise,,,,,,,,,,,,,,,,,,trap_obj_is_entry_fly,,,,,,,,,,trap_obj_tt_ball_blow,,,,,,,,,
,,trap_damage_attack_type,,,,,,,,,,,,,trap_summon_is_exec,,,,,,,,,,,,,,,,,,trap_obj_is_equip_ability,,,,,,,,,,trap_peterpan_accept_notify_player_target,,,,,,,,,
,,trap_damage_blow_speed,,,,,,,,,,,,,trap_summon_is_tink_exist,,,,,,,,,,,,,,,,,,trap_obj_is_fly,,,,,,,,,,trap_peterpan_receive_notify_player_target,,,,,,,,,
,,trap_damage_blow_up,,,,,,,,,,,,,,,,,,,,,,,,,,,,,,,trap_obj_is_history_mark,,,,,,,,,,trap_skateboard_edge_jump,,,,,,,,,
,,trap_damage_damage,,,,,,,,,,,,,,,,,,,,,,,,,,,,,,,trap_obj_is_hit_attack,,,,,,,,,,trap_skateboard_ride,,,,,,,,,
,,trap_damage_element,,,,,,,,,,,,,,,,,,,,,,,,,,,,,,,trap_obj_is_hook,,,,,,,,,,trap_skateboard_ride_edge,,,,,,,,,
,,trap_damage_exec_reaction,,,,,,,,,,,,,,,,,,,,,,,,,,,,,,,trap_obj_is_hover,,,,,,,,,,trap_skateboard_trick,,,,,,,,,
,,trap_damage_get_hitback,,,,,,,,,,,,,,,,,,,,,,,,,,,,,,,trap_obj_is_jump,,,,,,,,,,trap_skateboard_trick_motion_push,,,,,,,,,
,,trap_damage_get_reaction_type,,,,,,,,,,,,,,,,,,,,,,,,,,,,,,,trap_obj_is_motion_cancel,,,,,,,,,,trap_skateboardscore_add_count,,,,,,,,,
,,trap_damage_is_cure,,,,,,,,,,,,,,,,,,,,,,,,,,,,,,,trap_obj_is_motion_in_loop,,,,,,,,,,trap_special_last_xemnus_laser_attack,,,,,,,,,
,,trap_damage_is_exec_reaction,,,,,,,,,,,,,,,,,,,,,,,,,,,,,,,trap_obj_is_motion_sync,,,,,,,,,,trap_special_last_xemnus_laser_end,,,,,,,,,
,,trap_damage_is_finish,,,,,,,,,,,,,,,,,,,,,,,,,,,,,,,trap_obj_is_pirate_shade,,,,,,,,,,trap_special_last_xemnus_laser_optimize,,,,,,,,,
,,trap_damage_is_normal,,,,,,,,,,,,,,,,,,,,,,,,,,,,,,,trap_obj_is_ride,,,,,,,,,,trap_special_last_xemnus_laser_optimize_end,,,,,,,,,
,,trap_damage_orig_reaction,,,,,,,,,,,,,,,,,,,,,,,,,,,,,,,trap_obj_is_star,,,,,,,,,,trap_special_last_xemnus_laser_start,,,,,,,,,
,,trap_damage_parts,,,,,,,,,,,,,,,,,,,,,,,,,,,,,,,trap_obj_is_stop,,,,,,,,,,trap_status_close_pete_curtain,,,,,,,,,
,,trap_damage_reaction,,,,,,,,,,,,,,,,,,,,,,,,,,,,,,,trap_obj_is_unit_active,,,,,,,,,,trap_status_open_pete_curtain,,,,,,,,,
,,trap_obj_party_attack,,,,,,,,,,,,,,,,,,,,,,,,,,,,,,,trap_obj_leave,,,,,,,,,,trap_status_peterpan_prize_drain_end,,,,,,,,,
,,trap_target_attack,,,,,,,,,,,,,,,,,,,,,,,,,,,,,,,trap_obj_leave_force,,,,,,,,,,trap_status_peterpan_prize_drain_start,,,,,,,,,
,,,,,,,,,,,,,,,,,,,,,,,,,,,,,,,,,trap_obj_limit_hover,,,,,,,,,,trap_status_secure_mode_end,,,,,,,,,
,,,,,,,,,,,,,,,,,,,,,,,,,,,,,,,,,trap_obj_lockon_target,,,,,,,,,,trap_status_secure_mode_start,,,,,,,,,
,,,,,,,,,,,,,,,,,,,,,,,,,,,,,,,,,trap_obj_look_end,,,,,,,,,,trap_stitch_effect_kill,,,,,,,,,
,,,,,,,,,,,,,,,,,,,,,,,,,,,,,,,,,trap_obj_look_start,,,,,,,,,,trap_stitch_effect_start,,,,,,,,,
,,,,,,,,,,,,,,,,,,,,,,,,,,,,,,,,,trap_obj_look_start_pos,,,,,,,,,,trap_stitch_get_screen_position,,,,,,,,,
,,,,,,,,,,,,,,,,,,,,,,,,,,,,,,,,,trap_obj_pattern_disable,,,,,,,,,,trap_stitch_move_request,,,,,,,,,
,,,,,,,,,,,,,,,,,,,,,,,,,,,,,,,,,trap_obj_pattern_enable,,,,,,,,,,trap_stitch_set_screen_position,,,,,,,,,
,,,,,,,,,,,,,,,,,,,,,,,,,,,,,,,,,trap_obj_pattern_reset,,,,,,,,,,trap_stitch_shot_effect,,,,,,,,,
,,,,,,,,,,,,,,,,,,,,,,,,,,,,,,,,,trap_obj_rc_stop_all,,,,,,,,,,trap_struggle_increment,,,,,,,,,
,,,,,,,,,,,,,,,,,,,,,,,,,,,,,,,,,trap_obj_reaction_callback,,,,,,,,,,trap_trinity_shot_ensure,,,,,,,,,
,,,,,,,,,,,,,,,,,,,,,,,,,,,,,,,,,trap_obj_reset_flag,,,,,,,,,,trap_trinity_shot_init,,,,,,,,,
,,,,,,,,,,,,,,,,,,,,,,,,,,,,,,,,,trap_obj_reset_stealth,,,,,,,,,,trap_trinity_shot_set_effect_id,,,,,,,,,
,,,,,,,,,,,,,,,,,,,,,,,,,,,,,,,,,trap_obj_restart,,,,,,,,,,trap_trinity_shot_start,,,,,,,,,
,,,,,,,,,,,,,,,,,,,,,,,,,,,,,,,,,trap_obj_search_by_camera,,,,,,,,,,trap_xemnas_get_obj,,,,,,,,,
,,,,,,,,,,,,,,,,,,,,,,,,,,,,,,,,,trap_obj_search_by_entry,,,,,,,,,,,,,,,,,,,
,,,,,,,,,,,,,,,,,,,,,,,,,,,,,,,,,trap_obj_search_by_glance,,,,,,,,,,,,,,,,,,,
,,,,,,,,,,,,,,,,,,,,,,,,,,,,,,,,,trap_obj_search_by_part,,,,,,,,,,,,,,,,,,,
,,,,,,,,,,,,,,,,,,,,,,,,,,,,,,,,,trap_obj_search_by_serial,,,,,,,,,,,,,,,,,,,
,,,,,,,,,,,,,,,,,,,,,,,,,,,,,,,,,trap_obj_search_by_unit_arg,,,,,,,,,,,,,,,,,,,
,,,,,,,,,,,,,,,,,,,,,,,,,,,,,,,,,trap_obj_serial,,,,,,,,,,,,,,,,,,,
,,,,,,,,,,,,,,,,,,,,,,,,,,,,,,,,,trap_obj_set_flag,,,,,,,,,,,,,,,,,,,
,,,,,,,,,,,,,,,,,,,,,,,,,,,,,,,,,trap_obj_set_stealth,,,,,,,,,,,,,,,,,,,
,,,,,,,,,,,,,,,,,,,,,,,,,,,,,,,,,trap_obj_set_stealth_color,,,,,,,,,,,,,,,,,,,
,,,,,,,,,,,,,,,,,,,,,,,,,,,,,,,,,trap_obj_set_team,,,,,,,,,,,,,,,,,,,
,,,,,,,,,,,,,,,,,,,,,,,,,,,,,,,,,trap_obj_set_unit_arg,,,,,,,,,,,,,,,,,,,
,,,,,,,,,,,,,,,,,,,,,,,,,,,,,,,,,trap_obj_set_use_mp,,,,,,,,,,,,,,,,,,,
,,,,,,,,,,,,,,,,,,,,,,,,,,,,,,,,,trap_obj_sheet,,,,,,,,,,,,,,,,,,,
,,,,,,,,,,,,,,,,,,,,,,,,,,,,,,,,,trap_obj_show_picture,,,,,,,,,,,,,,,,,,,
,,,,,,,,,,,,,,,,,,,,,,,,,,,,,,,,,trap_obj_show_shadow,,,,,,,,,,,,,,,,,,,
,,,,,,,,,,,,,,,,,,,,,,,,,,,,,,,,,trap_obj_spec,,,,,,,,,,,,,,,,,,,
,,,,,,,,,,,,,,,,,,,,,,,,,,,,,,,,,trap_obj_star,,,,,,,,,,,,,,,,,,,
,,,,,,,,,,,,,,,,,,,,,,,,,,,,,,,,,trap_obj_start_mpdrive,,,,,,,,,,,,,,,,,,,
,,,,,,,,,,,,,,,,,,,,,,,,,,,,,,,,,trap_obj_stop,,,,,,,,,,,,,,,,,,,
,,,,,,,,,,,,,,,,,,,,,,,,,,,,,,,,,trap_obj_stop_end_all,,,,,,,,,,,,,,,,,,,
,,,,,,,,,,,,,,,,,,,,,,,,,,,,,,,,,trap_obj_stop_start,,,,,,,,,,,,,,,,,,,
,,,,,,,,,,,,,,,,,,,,,,,,,,,,,,,,,trap_obj_sysjump,,,,,,,,,,,,,,,,,,,
,,,,,,,,,,,,,,,,,,,,,,,,,,,,,,,,,trap_obj_touch_zone,,,,,,,,,,,,,,,,,,,
,,,,,,,,,,,,,,,,,,,,,,,,,,,,,,,,,trap_obj_unit_arg,,,,,,,,,,,,,,,,,,,
,,,,,,,,,,,,,,,,,,,,,,,,,,,,,,,,,trap_obj_unit_group,,,,,,,,,,,,,,,,,,,
,,,,,,,,,,,,,,,,,,,,,,,,,,,,,,,,,trap_obj_use_mp,,,,,,,,,,,,,,,,,,,
,,,,,,,,,,,,,,,,,,,,,,,,,,,,,,,,,trap_sysobj_is_blow,,,,,,,,,,,,,,,,,,,
,,,,,,,,,,,,,,,,,,,,,,,,,,,,,,,,,trap_sysobj_is_boss,,,,,,,,,,,,,,,,,,,
,,,,,,,,,,,,,,,,,,,,,,,,,,,,,,,,,trap_sysobj_is_exist,,,,,,,,,,,,,,,,,,,
,,,,,,,,,,,,,,,,,,,,,,,,,,,,,,,,,trap_sysobj_is_finish_blow,,,,,,,,,,,,,,,,,,,
,,,,,,,,,,,,,,,,,,,,,,,,,,,,,,,,,trap_sysobj_is_limit,,,,,,,,,,,,,,,,,,,
,,,,,,,,,,,,,,,,,,,,,,,,,,,,,,,,,trap_sysobj_is_summon,,,,,,,,,,,,,,,,,,,
,,,,,,,,,,,,,,,,,,,,,,,,,,,,,,,,,trap_sysobj_is_zako,,,,,,,,,,,,,,,,,,,
